id,name,title,era,birth_year,death_year,introduction,biography,contributions,video_1,video_2,image_ext_1_formula,image_ext_2_formula,image_activity_formula,image_intro_formula,,image_intro
14,BÙI DỤC TÀI  (1477-1518),,Phong kiến,1477,1518,"Bùi Dục Tài là một danh sĩ nổi bật của đất Quảng Trị vào cuối thế kỉ XVIII, giai đoạn đầy biến động của lịch sử dân tộc. Ông được xem là người đầu tiên của Quảng Trị đỗ đạt trong khoa cử thời Tây Sơn, trở thành biểu tượng cho truyền thống hiếu học và chí khí của vùng Thuận Hóa. Không chỉ nổi tiếng bởi tài năng và học vấn, Bùi Dục Tài còn là người mang trong mình tinh thần yêu nước, tận trung với thời cuộc, luôn trăn trở trước vận mệnh đất nước. Tên tuổi ông vì thế được ghi nhớ như một trong những gương mặt trí thức sớm làm rạng danh Quảng Trị, góp phần đặt nền móng cho truyền thống khoa bảng nơi đây.","Bùi Dục Tài (1477-1518), hiệu Minh Triết tiên sinh, là danh nhân văn hóa, tiến sĩ đầu tiên của xứ Đàng Trong (thuộc vùng Thuận Hóa, nay là Quảng Trị) sau hơn 200 năm vùng đất này nhập về nước Đại Việt. Ông sinh ra trong một gia đình nho sĩ nghèo ở làng Câu Nhi, huyện Hải Lăng, tỉnh Quảng Trị, và đã xuất sắc vượt qua các kỳ thi nghiêm ngặt thời Lê, đỗ tiến sĩ khoa khai khoa năm 1502, từ đó mở ra một mốc son chói lọi trong lịch sử khoa bảng và giáo dục của vùng đất này.","Sự nghiệp quan trường của Bùi Dục Tài trải dài khoảng 15 năm với các chức vụ quan trọng như Hàn lâm Hiệu lý, Tham chính đạo Thanh Hóa, Lại bộ Tả Thị Lang và Tham tướng dưới triều vua Lê Chiêu Tông. Ông được giao nhiệm vụ vận động nhân dân và sĩ phu chống lại âm mưu chiếm ngôi của Mạc Đăng Dung. Bùi Dục Tài là người có tầm nhìn xa, tiết nghĩa, trung quân và dũng cảm, từng tiêu diệt kẻ thù là tên Đô Kiềm, nhưng khi bị mai phục bởi quân Đô Chức thì anh dũng chiến đấu đến hơi thở cuối cùng năm 1518. Ông được nhân dân địa phương tôn thờ và triều đình truy tặng chức Lễ Bộ Thượng thư, biểu tượng cho lòng trung thần và công lao với đất nước.Bùi Dục Tài còn được xem như ngọn cờ đầu góp phần phát triển nền giáo dục và khoa cử ở Đàng Trong, tạo bước ngoặt lớn cho sự phát triển của vùng đất Thuận Hóa - Quảng Trị, sau nhiều thế kỷ bị ảnh hưởng bởi chiến tranh và chia cắt. Ông là biểu tượng của truyền thống hiếu học, trung nghĩa và ý chí kiên cường của người dân địa phương trong lịch sử Việt Nam.",https://youtu.be/D8VGN2aCUHA?si=KtXTOpU-licN_2Cq,,,,,,,
15,Dương Văn An (1513-?),,Phong kiến,1513,,"Dương Văn An là một học giả và quan lại uyên bác thời nhà Mạc, người đã ghi dấu ấn sâu sắc trong lịch sử Việt Nam thế kỷ XVI với tác phẩm địa phương chí ""Ô Châu cận lục"". Sinh ra trong bối cảnh đất nước nhiều biến động, ông không chỉ là nhà văn hóa, nhà nghiên cứu tài năng mà còn đảm nhiệm những chức vụ quan trọng trong triều đình, góp phần làm sáng tỏ lịch sử và đặc trưng văn hóa của vùng đất Thuận Hóa. Cuộc đời ông như một hành trình tâm huyết với khoa học và quê hương, thể hiện ở sự tận tụy trong sáng tác và công tác, để lại di sản vô giá cho hậu thế nghiên cứu và trân trọng.","Dương Văn An tự là Tỉnh Phủ, sinh năm 1513 tại làng Tuy Lộc, tỉnh Quảng Bình (nay là xã Lệ Thủy, Quảng Trị), một vùng quê trù phú nổi tiếng về nghề làm giấy dó và nấu rượu ngon. Làng ông còn là nơi văn vật, có nhiều người đỗ đạt, làm quan.","Dương Văn An theo nghề nho học từ sớm, nhờ sự hun đúc của quê hương, vào năm 34 tuổi (1547) đời vua Mạc Phúc Nguyên, ông đỗ đồng tiến sĩ khoa Đinh Mùi.Sau khi thi đậu, ông được triều đình nhà Mạc bổ làm quan. Ông lần lượt giữ các chức vụ quan trọng như Lại khoa đô cấp sự, tước Sùng nham bá, sau thăng lên Tả Thị lang bộ Lại, rồi Thượng thư Bộ Lại, tước Sùng nham hầu. Sau khi mất, ông được truy tặng tước Tuấn quân công.Sự nghiệp vĩ đại nhất của ông là việc biên soạn cuốn địa phương chí về toàn bộ vùng đất Thuận Hóa, mang tên Ô châu cận lục.Năm 1553, khi về chịu tang và nghỉ ở quê nhà ba năm, ông đã dùng thời gian rảnh rỗi này để đọc và khảo cứu tài liệu.Ông đã tham khảo hai tập bản thảo địa phương chí về hai phủ Tân Bình (Quảng Bình cũ) và Triệu Phong (Quảng Trị cũ) do hai nho sinh cùng làng khởi thảo.Tuy lấy làm mừng, ông vẫn chưa hài lòng và quyết định biên soạn một cuốn đầy đủ hơn, đặt tên là Ô châu cận lục. Công việc này được tiến hành trong hai năm (1553 - 1555) thì hoàn thành.Ô châu cận lục ghi chép chi tiết về hình trạng sông núi, vật sản tài nguyên, phong tục lề thói, nhân vật, và các công trình quan trọng của vùng Thuận Hóa. Ông đã sử dụng cả tài liệu viết và văn hóa dân gian truyền miệng để tạo nên một tác phẩm địa phương chí hoàn chỉnh, với ý nghĩa văn hóa (ghi chép đầy đủ về quê hương) và ý nghĩa đạo lý (ngụ ý khuyên răn, yêu ghét rõ ràng).Với tác phẩm này, Dương Văn An xứng đáng được xem là danh nhân văn hóa có công lớn trong lịch sử nền học thuật nước nhà.",,,,,,,,https://quangbinhtourism.vn/wp-content/uploads/2019/06/duongvanan.jpg
16,NGUYỄN HỮU DẬT (1603–1681),,Phong kiến,1603,1681,"Nguyễn Văn Tường là một đại thần danh tiếng triều Nguyễn, nổi bật với vai trò phụ chính và là một trong những nhân vật chủ chốt trong giai đoạn lịch sử đầy biến động cuối thế kỷ XIX. Xuất thân từ hoàn cảnh khó khăn nhưng bằng trí tuệ và tài năng, ông đã góp phần to lớn trong công cuộc kháng chiến chống thực dân Pháp, đảm nhận những trọng trách nặng nề như thương thuyết ngoại giao, chỉ huy quân sự và quản lý đất nước trong những năm tháng cam go nhất. Nguyễn Văn Tường không chỉ là người trung thành với triều đình mà còn là người chiến lược với tinh thần quyết tâm bảo vệ chủ quyền và độc lập dân tộc, là một biểu tượng lịch sử quan trọng của Việt Nam thời phong kiến cận đại.","Nguyễn Hữu Dật (1603–1681) là đại công thần dưới triều chúa Nguyễn ở Đàng Trong trong thời kỳ Trịnh - Nguyễn phân tranh. Ông được xem là một danh tướng, có công lớn giúp chúa Nguyễn đánh lui nhiều cuộc tấn công của quân Trịnh và giữ vững vùng lãnh thổ Đàng Trong. Nguyễn Hữu Dật nổi tiếng với tài thao lược, được xem là ""Gia Cát Lượng nước Nam"" vì mưu lược và tầm nhìn chiến lược.Nguyễn Hữu Dật sinh tại Thăng Long (Hà Nội ngày nay) nhưng cha ông là Nguyễn Triều Văn, một bề tôi của chúa Nguyễn Hoàng, đã cùng chúa vào Thuận Hóa (vùng đất Quảng Bình hiện nay) định cư từ năm 1609. Từ đó, Nguyễn Hữu Dật và dòng họ của ông sống lâu dài tại huyện Phong Lộc, tỉnh Quảng Bình (nay thuộc địa bàn Quảng Ninh, Quảng Bình). Nguyễn Hữu Dật được xem là đại công thần, đại tướng của chúa Nguyễn trong thời kỳ Trịnh - Nguyễn phân tranh, góp công lớn trong việc bảo vệ và giữ vững lãnh thổ vùng đất Đàng Trong, đặc biệt là Quảng Bình.","Ông sinh trưởng trong gia đình có truyền thống hiếu học và võ nghệ, là con của Nguyễn Triều Văn, một bề tôi trung thành với chúa Nguyễn Hoàng. Năm 1631, Nguyễn Hữu Dật tham gia cùng Đào Duy Từ xây dựng hệ thống phòng thủ lũy Nhật Lệ (lũy Thầy) để chống lại các cuộc xâm lăng của quân Trịnh. Sau khi Đào Duy Từ mất, ông tiếp tục trùng tu và mở rộng hệ thống các lũy phòng thủ quan trọng như lũy Thầy, lũy Trường Dục, lũy Động Cát.Năm 1648, Nguyễn Hữu Dật cùng con trai Nguyễn Triều Văn lĩnh quân thủy, đánh bại quân Trịnh trong một trận lớn. Ông được phong chức cai cơ, làm Ký lục dinh Bố Chính và được phong tước Chiêu Vũ hầu. Sau đó, ông tiếp tục củng cố tuyến phòng thủ và lãnh đạo quân đội để giữ vững vùng đất Nam Bộ trước các cuộc xâm lược. Năm 1664, ông đảm nhận chức Chưởng dinh kiêm Tiết chế đạo Lưu Đồn.Nguyễn Hữu Dật là người có trí tuệ sắc bén, kiên cường, có nhiều kế sách giúp chúa Nguyễn giữ vững lãnh thổ và phát triển vùng đất Đàng Trong. Sau khi mất, ông được nhân dân vùng Quảng Bình và Đàng Trong nhớ ơn, tôn kính và lập đền thờ tưởng niệm.Tóm lại, Nguyễn Hữu Dật là đại công thần, tướng lãnh xuất sắc của chúa Nguyễn trong thời kỳ Trịnh - Nguyễn phân tranh, người có công lớn trong việc giữ vững và mở rộng lãnh thổ Đàng Trong, được coi là một trong những vị tướng tài ba và trung thành nổi bật của lịch sử Việt Nam thế kỉ 17.",https://youtu.be/OsdYdS_Pjvs?si=MnoGixRRYc0jVWe8,https://youtu.be/ynAa3J8g4yw?si=mpBYv4Ddy7fJojiF,,,,,,https://encrypted-tbn0.gstatic.com/images?q=tbn:ANd9GcRXDxrw3lcXgof0vBoVB5niq-N9eS0olrCiuXh1BFgmVSE1Tf8pD0GFGei2IqGoZulBkkpk3hPPqPDhE2WUD5GX7YsMaTh2pZxGxgwBETc&s=10
17,NGUYỄN HỮU CẢNH (1650–1700),,Phong kiến,1650,1700,"Nguyễn Hữu Cảnh là một vị tướng tài ba và nhà quản lý xuất sắc của triều Nguyễn, người được ghi nhận là người mở cõi Nam Bộ cho đất nước. Xuất thân trong một gia đình võ tướng danh giá ở Quảng Bình, ông không chỉ có tài dùng binh mà còn nổi bật với khả năng tổ chức, thiết lập bộ máy hành chính và đưa vùng đất hoang vu trở thành trung tâm phát triển sôi động. Nguyễn Hữu Cảnh đã góp phần xác lập chủ quyền, xây dựng nền móng pháp luật và khuyến khích sản xuất, mở rộng bờ cõi, để lại ảnh hưởng mạnh mẽ và bền vững cho sự phát triển của vùng đất miền Nam Việt Nam. Cuộc đời ông là minh chứng cho tinh thần dấn thân, lòng tận tụy và trí tuệ của một bậc kỳ tài trong lịch sử dân tộc.","Nguyễn Hữu Cảnh (1650–1700), còn gọi là Lễ Thành Hầu, là một tướng lĩnh tài ba và nhà quản lý hành chính xuất sắc dưới thời chúa Nguyễn. Ông sinh tại thôn Phước Long, xã Chương Tín, tỉnh Quảng Bình (nay thuộc tỉnh Quảng Trị) trong một gia đình có truyền thống quân sự. Nguyễn Hữu Cảnh nổi tiếng với vai trò mở rộng cõi Nam Bộ của Việt Nam, thiết lập nền hành chính đầu tiên cho vùng đất mới phía nam.","Năm 1698, chúa Nguyễn Phúc Chu cử ông làm thống suất để kinh lý và thiết lập bộ máy hành chính vùng Đồng Nai, lập phủ Gia Định, huyện Phước Long, dựng dinh Trấn Biên (Biên Hòa ngày nay), huyện Tân Bình và dinh Phiên Trấn (Sài Gòn). Ông cũng tiến hành chiêu mộ dân cư, ổn định xóm làng, khai khẩn ruộng đất, thiết lập luật thuế và các cơ cấu chính quyền bản địa, góp phần quan trọng vào việc mở rộng và quản lý đất nước về phía Nam.Trong sự nghiệp quân sự, ông từng được phong làm thống binh để cầm quân dẹp loạn Chiêm Thành và bình định biên cương, được thăng lên chức chưởng cơ, trấn thủ dinh Bình Khang. Năm 1700, trên đường trở về sau khi hoàn thành nhiệm vụ, ông bị bệnh và mất tại Cù Lao Ông Chưởng (nay thuộc huyện Chợ Mới, An Giang).Nguyễn Hữu Cảnh có công lớn trong việc mở cõi Nam Bộ, đặt nền móng cho sự phát triển của vùng đất này trong lịch sử Việt Nam",https://youtu.be/ZLMZUNV9bho?si=WY7NVIFlR8HgJkNg,,,,,,,https://i.pinimg.com/736x/e5/cc/16/e5cc166212c6361120d6c82e076b9c03.jpg
18,NGUYỄN HỮU THẬN (1757-1831),,Phong kiến,1757,1831,"Nguyễn Hữu Thận là một nhà toán học và nhà thiên văn học lỗi lạc trong lịch sử Việt Nam, sinh sống vào cuối thế kỷ XVIII đầu thế kỷ XIX, trải qua hai triều đại Tây Sơn và Nguyễn. Ông không chỉ là một quan đại thần có nhiều đóng góp quan trọng trong các lĩnh vực khoa học mà còn được biết đến với sự tận tâm nghiên cứu và hoàn thiện hệ thống lịch pháp của nước nhà. Cuộc đời ông phản ánh hình ảnh một học giả tài năng, tận tụy với sự nghiệp phục vụ đất nước trong bối cảnh lịch sử đầy biến động và thay đổi. Đây là câu chuyện về một con người vừa có tài, vừa có tâm, góp phần làm rạng rỡ truyền thống khoa học của dân tộc Việt Nam.","Nguyễn Hữu Thận sinh vào tháng 3 năm 1757 tại làng Đại Hòa, tổng An Dã, huyện Hải Lăng, phủ Triệu Phong, tỉnh Quảng Trị (nay thuộc xã Triệu Bình, tỉnh Quảng Trị). Ông là một nhà toán học, nhà thiên văn học và quan lại kiệt xuất trải hai triều Tây Sơn và Nguyễn. Cha ông là Nguyễn Phú Điêu, làm Huấn đạo nhà Hậu Lê và có niềm đam mê nghiên cứu lịch, truyền lại cho con trai. Nguyễn Hữu Thận từng làm quan dưới triều Tây Sơn tại Quy Nhơn 9 năm rồi được triệu về Phú Xuân, sau đó làm quan dưới triều Nguyễn Gia Long với nhiều chức vụ quan trọng như Thượng thư bộ Lại và Thượng thư bộ Hộ. Ông còn là người quản lý Khâm thiên giám, soạn sách về thiên văn và toán học nổi tiếng như ""Ý Trai toán pháp nhất đắc lục"". Ông mất ngày 12 tháng 8 năm 1831, được người dân gọi là ""ông Thượng Đại Hòa"" theo tên quê hương và phẩm cách lớn lao của ông.","Ông bắt đầu sự nghiệp quan trường dưới triều Tây Sơn, làm quan ở Quy Nhơn trong 9 năm, sau đó được triệu về Phú Xuân và dần thăng chức đến Hữu thị lang bộ Hộ. Năm 1801, khi chúa Nguyễn Phúc Ánh (sau là vua Gia Long) chiếm Phú Xuân, Nguyễn Hữu Thận chọn ""hiệu thuận"" (thuận theo triều đại mới) và phục vụ triều Nguyễn. Ông từng giữ các chức vụ như Chế cáo viện Hàn lâm, Thiêm sự bộ Lại, Cai bạ Quảng Nghĩa, Tham tri bộ Lại, Tham tri bộ Hộ, Thượng thư bộ Lại, và Thượng thư bộ Hộ. Ngoài ra, ông còn quản lý Khâm thiên giám, là chủ nhiệm soạn sách thiên văn học Vạn niên thư theo cách thức của triều Thanh. Ông được biết đến với tác phẩm toán học ""Ý Trai toán pháp nhất đắc lục"" gồm 8 quyển. Nguyễn Hữu Thận qua đời năm 1831, thọ 74 tuổi, được người dân gọi là ""ông Thượng Đại Hòa"" vì phẩm cách và công lao to lớn trong triều đình và xã hội.​",https://youtu.be/vxl1HSKzX5k?si=mXd2NN8WqC5dT8YH,,,,,,,https://media.doanhnghiepvn.vn/Images/Uploaded/Share/2023/11/11/3-ky-tai-toan-hoc-tieu-bieu-su-Viet-Nguoi-duoc-vua-than-phuc-nguoi-noi-tieng-voi-bai-toan-can-voi_4.jpg?format=webp
19,VÕ XUÂN CẢNH  (1778 – 1852),,Phong kiến,1778,1852,"Võ Xuân Cẩn là một đại thần lỗi lạc của triều Nguyễn, người đã gắn bó suốt hơn nửa thế kỷ với công cuộc xây dựng và bảo vệ đất nước từ thời vua Gia Long đến vua Tự Đức. Sinh ra trong một gia đình truyền thống hiếu học tại Quảng Bình, ông được vua tin tưởng giao nhiều trọng trách quan trọng và nổi tiếng với tài năng quản lý, sự tận tâm chăm lo đời sống nhân dân cũng như tinh thần cải cách đất đai giúp ổn định xã hội. Võ Xuân Cẩn không chỉ là một vị quan thanh liêm, chí công vô tư mà còn là nhà sử học, nhà quân sự có công lao lớn trong lịch sử Việt Nam cận đại. Cuộc đời và sự nghiệp của ông là biểu tượng của lòng trung thành và trí tuệ trong thời kỳ đầy biến động của đất nước.","Võ Xuân Cẩn (1778 – 1852) người làng Hoà Luật nam (xã Lệ Thuỷ, tỉnh Quảng Trị ngày nay). Sinh ra và lớn lên trên một vùng quê giàu truyền thống lịch sử, văn hoá và trong một gia đình có truyền thống học hành, khoa bảng, Võ Xuân Cẩn đã kế thừa được những giá trị và truyền thống tốt đẹp đó để trở thành một vị quan thanh liêm, thương dân, giàu lòng nhân ái, một công bộc hết mình vì triều Nguyễn.","Võ Xuân Cẩn đậu cống sĩ (tương đương cử nhân) dưới thời chúa Nguyễn nhưng không ra làm quan. Năm 1802, Gia Long đã mời Võ Xuân Cẩn vào làm ở Viện Hàn Lâm. Trong cuộc đời làm quan 50 năm (1802 – 1852), trải qua 4 triều vua (Gia Long, Minh Mạng, Thiệu Trị, Tự Đức), Võ Xuân Cẩn đã kinh qua nhiều chức vụ quan trọng bậc nhất trong triều (Thượng thư Bộ Hình, Thượng thư Bộ Công, Hàn lâm Viện học sĩ, Đông các Đại học sĩ, quản lý các việc Bộ Lại, kiêm lãnh Quốc sử quán, Tổng tài Quốc sử quán...) hay ở ngoài các địa phương như: Tham biện hiệp trấn Hưng Hoá, Sơn Nam, Hoài Đức, Nghệ An; Thị lang biện lý Bắc Thành (Hà Nội); Hình tào ở Gia Định; Tổng đốc Bình - Phú... Dù ở cương vị nào, Võ Xuân Cẩn cũng tỏ ra là vị quan có học vấn sâu rộng, lịch lãm, cương trực, thẳng thắn, thương dân.Năm 1839, trong thời gian làm Tổng đốc ở Bình Phú (Bình Định và Phú Yên), Võ Xuân Cẩn đã đề xuất việc cải cách ruộng đất ở Bình Định, lấy ruộng địa chủ chia cho nông dân. Mặc dù kiến nghị chưa tường và đề nghị chưa thực hiện được triệt để do ý thức hệ phong kiến còn hạn chế nhưng điều đó chứng tỏ Võ Xuân Cẩn là người có tầm nhìn xa, trông rộng và có tinh thần nhân văn sâu sắc, những việc làm nhằm bảo vệ lợi ích của nhân dân, nhất là những người nông dân nghèo.Khi mất, ông được vua Tự Đức ban 4 chữ vàng ""Tứ triều Nguyên Lão"" (lão đại thần 4 triều vua), đưa vào thờ ở đền ""Hiển Lương"", chỉ dành thờ phụng đại công thần.",,,,,,,,
20,NGUYỄN HÀM NINH (1808-1867),,Phong kiến,1808,1867,"Nguyễn Hàm Ninh là một nhân vật văn hóa đặc sắc của đất Quảng Bình thời nhà Nguyễn, người không chỉ nổi bật với tài năng thi ca, tư tưởng sâu sắc mà còn là minh chứng cho cuộc đời đầy thăng trầm và bản lĩnh kiên cường giữa biến động lịch sử. Từ vị trí thủ khoa đến những chức vụ quan trọng trong triều đình, ông đã trải qua nhiều sóng gió, thử thách, thể hiện tinh thần không ngừng vươn lên và lòng yêu nước sâu nặng. Cuộc đời và sự nghiệp của Nguyễn Hàm Ninh là một bức tranh sinh động phản ánh phần nào vận mệnh của một lớp người trí thức Việt Nam cuối thế kỷ XIX, qua đó mở ra những câu chuyện đầy cảm hứng về sự gắn bó giữa con người và quê hương, đất nước.","Nguyễn Hàm Ninh (1808-1867) là một danh sĩ văn học nổi tiếng thời nhà Nguyễn, tự là Thuận Chi, hiệu là Tĩnh Trai và Nhâm Sơn. Ông sinh ngày 11/2/1808 (tức ngày 15/1 năm Mậu Thìn) tại làng Phù Ninh thuộc xã Quảng Thanh, huyện Quảng Trạch, tỉnh Quảng Bình (xã Tân Giang, tỉnh Quảng trị ngày nay), sau chuyển sang làng Trung Ái, xã Quảng Lưu, huyện Quảng Trạch, tỉnh Quảng Bình( xã Xã Trung Thuần, tỉnh Quảng Trị). Nguyễn Hàm Ninh nổi tiếng với tài năng văn học và thơ ca, được đánh giá là một bậc hiền sĩ đất Quảng trong thời kỳ danh nhân văn hóa","Về sự nghiệp, ông là một sĩ phu yêu văn chương, am hiểu sâu sắc về thơ ca và có khả năng ứng khẩu thành thơ, nổi bật trong việc đối đáp văn chương và mô tả chính xác các hoàn cảnh, sự vật, hiện tượng. Ông cũng là người rất uyên bác về Nho học và được người đương thời kính trọng. Tuy không có nhiều thông tin cụ thể về việc làm quan lớn, Nguyễn Hàm Ninh để lại dấu ấn rõ nét qua các tác phẩm thơ văn và tư tưởng nhân văn sâu sắc, truyền cảm hứng cho thế hệ sau. Ông mất vào năm 1867.Tóm lại, Nguyễn Hàm Ninh là nhân vật văn hóa tiêu biểu của Quảng Bình và thời đại nhà Nguyễn, một danh sĩ nổi bật về văn chương và thơ ca với cuộc đời gắn bó sâu sắc với con đường học thuật và làm thơ",https://youtu.be/Me16FfscGIQ?si=lgDQsvMCr32wOTqe,,,,,,,
21,HOÀNG KẾ VIÊM  (1820-1909),,Phong kiến,1820,1909,"Hoàng Kế Viêm là một danh tướng kiệt xuất của triều Nguyễn, người đã để lại dấu ấn sâu đậm trong lịch sử Việt Nam với vai trò làm chủ công cuộc kháng chiến chống thực dân Pháp ở miền Bắc. Sinh ra trong một gia đình có truyền thống văn võ hiền tài, ông không chỉ được biết đến với tài năng quân sự sắc bén mà còn là người ở vị trí quan trọng trong triều đình nhiều đời vua. Với chiến lược “vừa đánh vừa dụ hàng,” Hoàng Kế Viêm đã góp phần củng cố lực lượng chống ngoại xâm và giữ vững những vùng biên giới vô cùng quan trọng trong giai đoạn khó khăn của đất nước. Cuộc đời ông là khúc tráng ca hào hùng về sự trung thành, lòng dũng cảm và trí tuệ chiến lược trong công cuộc bảo vệ tổ quốc.","Hoàng Kế Viêm (1820-1909), tên thật là Hoàng Tá Viêm, tự Nhật Trường, hiệu Tùng An, quê làng Văn La, tổng Văn Đại, xã lương ninh(thị trấn Quán Hàu) huyện Quảng Ninh, tỉnh Quảng Bình(nay là xã Quảng Ninh, tỉnh Quảng Trị) . Ông là một danh tướng nhà Nguyễn, phò mã có công lớn trong việc chống giặc ngoại xâm, trấn giữ vùng biên cương phía Bắc và giữ gìn an ninh trật tự trong nước.","Ông làm quan qua nhiều triều vua nhà Nguyễn, bắt đầu vào năm 1846 với chức Lang trung Bộ Lại, sau đó lần lượt giữ các chức Án sát tỉnh Ninh Bình, Bố chính Thanh Hóa, Bố chính kiêm Tuần phủ Hưng Yên, Tổng đốc An Tĩnh… Năm 1870, sau khi Đoàn Thọ bị giết, Hoàng Kế Viêm được triều đình cử làm Thống đốc quân vụ Bắc Kỳ, đảm nhận chức Tiết chế quân vụ miền Bắc, trọng trách chỉ huy phòng thủ chống quân Pháp và dẹp loạn ở vùng biên giới.Ông nổi tiếng với chiến thuật ""dĩ di-công di"" (dùng phỉ diệt phỉ), thu phục được thủ lĩnh quân Cờ Đen là Lưu Vĩnh Phúc, phối hợp đánh tan quân Cờ Vàng và Cờ Trắng, sau đó hợp lực đánh quân Pháp. Ông cũng lãnh đạo quân ta chiến thắng tại các trận lớn như trận Cầu Giấy (Hà Nội) năm 1873 và 1883, tiêu diệt các chỉ huy quân Pháp như F. Garnier và H. Rivière, gây tiếng vang lớn trong lịch sử kháng chiến chống Pháp.Ông còn chủ trương xây dựng căn cứ địa Sơn Tây làm trung tâm phòng thủ, luôn giữ tư tưởng tiến công, bất chấp lệnh triều đình yêu cầu bãi binh, nhằm gây sức ép lên quân Pháp bảo vệ Bắc Kỳ. Ngoài ra, ông có công trong việc phát triển kinh tế dân sinh, xây dựng thủy lợi, cứu trợ dân nghèo trong thiên tai mất mùa. Hoàng Kế Viêm được phong đại học sĩ, Tổng đốc Tam Tuyên, nhận nhiều danh hiệu cao quý và được dân chúng kính trọng như một danh tướng yêu nước và thương dân lớn của triều Nguyễn",https://youtube.com/shorts/n8iksImrKvw?si=CfoEiJ-nfuhItmrD,,,,,,,https://danviet.ex-cdn.com/files/f1/296231569849192448/2025/1/14/hoang-ke-viem-01-17368534394501511622378.jpeg
22,NGUYỄN VĂN TƯỜNG (1824-1886),,Phong kiến,1824,1886,"Nguyễn Văn Tường là một đại thần danh tiếng triều Nguyễn, nổi bật với vai trò phụ chính và là một trong những nhân vật chủ chốt trong giai đoạn lịch sử đầy biến động cuối thế kỷ XIX. Xuất thân từ hoàn cảnh khó khăn nhưng bằng trí tuệ và tài năng, ông đã góp phần to lớn trong công cuộc kháng chiến chống thực dân Pháp, đảm nhận những trọng trách nặng nề như thương thuyết ngoại giao, chỉ huy quân sự và quản lý đất nước trong những năm tháng cam go nhất. Nguyễn Văn Tường không chỉ là người trung thành với triều đình mà còn là người chiến lược với tinh thần quyết tâm bảo vệ chủ quyền và độc lập dân tộc, là một biểu tượng lịch sử quan trọng của Việt Nam thời phong kiến cận đại.","Nguyễn Văn Tường (1824-1886), quê làng An Cư, xã Triệu Phước, huyện Triệu Phong(nay là xã Nam Cửa Việt), tỉnh Quảng Trị, là một đại thần phụ chính của nhà Nguyễn trong giai đoạn cuối triều đại này. Xuất thân từ một gia đình lao động nghèo, ông đã trải qua nhiều chức vụ quan trọng trong triều, nổi bật như Thượng thư Bộ Hình, Thương bạc đại thần và là thành viên Viện cơ mật, có ảnh hưởng lớn trong chính trường triều Nguyễn.","Ông được bổ làm tri huyện Thành Hóa (Quảng Trị) và xây dựng căn cứ địa vững chắc cho kinh đô Huế, đồng thời nổi bật với vai trò đoàn kết các dân tộc thiểu số vùng núi. Năm 1868, ông đứng đầu các đạo quân triều Nguyễn để trấn áp các cuộc nổi loạn và phối hợp với quân Thanh trong việc tiêu diệt các lực lượng phản loạn, trong đó có Lưu Vĩnh Phúc - thủ lĩnh quân Cờ Đen.Dưới triều vua Tự Đức, Nguyễn Văn Tường từng giữ nhiều trọng trách lớn như quản lý Bộ Hình, Bộ Hộ và cầm đầu các chiến dịch quân sự, cũng như có công trong cải cách thuế ruộng đất nhằm hỗ trợ tầng lớp nông dân nghèo. Sau khi vua Tự Đức mất, ông cùng Tôn Thất Thuyết là hai đại thần phụ chính có ảnh hưởng lớn, chủ trương chính sách chống Pháp kiên quyết, thực hiện phế lập các vua Dục Đức, Hiệp Hòa và đưa vua Hàm Nghi lên ngôi nhằm tiếp tục phong trào kháng chiến.Nguyễn Văn Tường cũng là người chỉ đạo xây dựng các căn cứ quân sự phòng thủ, trong đó có ""kinh đô kháng chiến"" Tân Sở tại Quảng Trị, nhằm chuẩn bị cho sự chống trả Pháp và duy trì phong trào Cần Vương. Tuy vậy, cuối cùng ông bị thực dân Pháp bắt giam và qua đời vào năm 1886.Tổng thể, Nguyễn Văn Tường là một vị quan đại thần tài năng, có tài kinh bang tế thế, vừa là nhà ngoại giao, vừa là nhà quân sự có công lớn trong cuộc kháng chiến chống Pháp của triều Nguyễn cuối thế kỷ 19, đồng thời là biểu tượng của lòng yêu nước và chính nghĩa của dân tộc Việt Nam thời kỳ đó.​",https://youtu.be/Ttw08Ialy4c?si=v_siohAZBKVUysQ3,,,,,,,https://upload.wikimedia.org/wikipedia/commons/c/c2/Nguyen_van_tuong.jpg
23,LÊ TRỰC  (1828-1918),,Phong kiến,1828,1918,"Lê Trực là một võ quan kiên trung và thủ lĩnh nghĩa quân Cần Vương tiêu biểu cuối thế kỷ XIX, người đã đứng lên cùng nhân dân và sĩ phu Quảng Bình kháng chiến chống thực dân Pháp. Sinh ra và lớn lên trong thời kỳ đất nước rối ren, ông không chỉ là một vị tướng tài ba từng giữ chức Đề đốc thành Hà Nội mà còn là người kiên quyết bảo vệ chủ quyền và danh dự dân tộc dù chịu nhiều thăng trầm trong sự nghiệp. Cuộc đời Lê Trực là biểu tượng cho tinh thần quật cường, lòng yêu nước nồng nàn và ý chí đấu tranh bền bỉ của lớp người Việt cuối thời phong kiến trước hiểm họa mất nước.","Lê Trực (1828-1918), còn gọi là Lê Vợn, là một võ quan nhà Nguyễn và thủ lĩnh nghĩa quân Cần Vương cuối thế kỷ XIX. Ông sinh tại làng Thanh Thủy, xã Tiến Hóa, huyện Tuyên Hóa, tỉnh Quảng Bình(nay là xã Tuyên Hoá, tỉnh Quảng Trị). Trước khi theo nghiệp võ quan, ông không đi thi để làm quan văn mà chọn theo nghiệp võ. Lê Trực từng giữ nhiều chức vụ quan trọng như Chánh hiệp quản ở Huế và Thanh Hóa, phó lãnh binh Hà Nội, và đề đốc thành Hà Nội, chỉ huy hàng nghìn lính.","Phong trào Cần Vương khi vua Hàm Nghi lên chiếu kêu gọi khởi nghĩa chống Pháp, Lê Trực đã khởi binh ở Quảng Bình, đánh nhiều trận thắng lớn, tổ chức quân đội đánh đuổi quân Pháp khỏi căn cứ ở Đèo Ngang và vùng bắc Quảng Bình. Ông hợp sức với Tôn Thất Đàm (con trai Tôn Thất Thuyết) tiếp tục kháng chiến đến khi vua Hàm Nghi bị bắt, ông mới giải tán nghĩa binh về quê. Ông được biết đến là nhân vật kiên cường, lãnh đạo nghĩa quân và giữ vững tinh thần yêu nước trong bối cảnh đầy thử thách của cuộc kháng Pháp cuối thế kỷ XIX.Lê Trực mất năm 1918 tại quê nhà, hưởng thọ 90 tuổi, được nhân dân và chí sĩ yêu nước khắp nơi thương tiếc. Ông được tôn vinh là một võ tướng uy tín, có công lớn trong phong trào Cần Vương ở Quảng Bình và vùng Bắc Trung Bộ.​",,,,,,,,
24,NGUYỄN PHẠM TUÂN (1842-1887),,Phong kiến,1842,1887,"Nguyễn Phạm Tuân là một trong những thủ lĩnh tiêu biểu của phong trào Cần Vương trên đất Quảng Trị cuối thế kỉ XIX. Sinh ra trong một gia đình nho học, ông sớm tiếp thu tinh thần yêu nước, trọng nghĩa khí của quê hương Thuận Hóa. Khi phong trào Cần Vương dấy lên, Nguyễn Phạm Tuân trở thành một trong những người đứng đầu tổ chức lực lượng, chiêu mộ nghĩa sĩ, gây dựng căn cứ và trực tiếp chỉ huy nhiều trận đánh chống thực dân Pháp. Tuy cuối cùng thất bại trước ưu thế quân sự của đối phương, song tấm gương kiên trung, bất khuất và tinh thần “vị quốc vong thân” của Nguyễn Phạm Tuân đã trở thành biểu tượng của lòng yêu nước Quảng Trị – một vùng đất luôn kiên cường trong suốt chiều dài lịch sử dân tộc.","Nguyễn Phạm Tuân (1842 - 10 tháng 4, 1887) là một người yêu nước và nhà thơ Việt Nam nổi tiếng. Ông quê ở làng Kiên Bính, tổng Võ Xá, phủ Quảng Ninh (là thành phố Đồng Hới, tỉnh Quảng Bình nay là phường Đồng Hới, tỉnh Quảng Trị) và sinh ra trong một gia đình nho học, nhiều đời cha con cùng thi đỗ đồng khoa, có truyền thống là công thần nhà Lê. Ông đã tham gia vào các phong trào đấu tranh chống thực dân Pháp, thể hiện lòng yêu nước sâu sắc qua hoạt động và thi ca của mình. Nguyễn Phạm Tuân mất năm 1887 trong hoàn cảnh chiến đấu kiên cường chống lại quân Pháp khi chúng tiến công vào vị trí của ông, dù trong tình thế bất ngờ và không kịp bố trí quân để chống đỡ.","Về sự nghiệp thơ ca, Nguyễn Phạm Tuân để lại một số tác phẩm thể hiện lòng yêu nước, sự căm thù giặc Tây và ước vọng về một đất nước độc lập, tự do. Các bài thơ của ông mang đậm nét chiến sĩ nho học với tinh thần kháng chiến mạnh mẽ giữa hoàn cảnh đất nước bị xâm lăng. Tóm lại, Nguyễn Phạm Tuân là một nhân vật quan trọng trong phong trào yêu nước cuối thế kỷ 19 Việt Nam, là nhà thơ - chiến sĩ với lòng căm thù giặc sâu sắc và ý chí chiến đấu đến hơi thở cuối cùng cho độc lập dân tộc.​",,,,,,,,https://nguoinoitieng.tv/images/thumbnail/95/baki.jpg
25,HUỲNH CÔN (1850-1925),,Phong kiến,1850,1925,"Huỳnh Côn là một danh thần uyên bác và tâm huyết của triều Nguyễn, xuất thân từ một gia đình nho học ở Quảng Bình, nơi ông đã trải qua một cuộc đời thanh bạch và tận tụy với sự nghiệp nước nhà. Không chỉ là một quan thanh liêm, ông còn được biết đến như một học giả Hán học sâu rộng và nhà y học tận tâm chữa bệnh cứu người. Trong thời kỳ đầy biến động của đất nước, Huỳnh Côn đã giữ nhiều chức vụ quan trọng từ địa phương tới trung ương, đóng góp vào công cuộc cải cách giáo dục, nội chính và phát triển văn hóa. Cuộc đời ông là biểu tượng cho sự chung thủy với triều đình, lòng chính trực và tài năng đa lĩnh vực, để lại dấu ấn sâu đậm trong lịch sử và văn hóa Việt Nam.","Huỳnh Côn (1850-1925), tự Quang Dực, hiệu Hà Nguyên, sinh ngày 20 tháng 2 năm 1850 tại thôn Trung Bính, xã Bảo Ninh, thành phố Đồng Hới, tỉnh Quảng Bình( nay là phường Đồng Hới, tỉnh Quảng Trị). Ông xuất thân trong gia đình nhà nho nghèo, cha đỗ tú tài nhưng không làm quan mà ở nhà làm thuốc giúp dân. Huỳnh Côn là người học giỏi, năm 1867 đậu tú tài, 1868 đậu cử nhân và năm 1887 đậu Phó bảng, trong kỳ thi không có ai đỗ tiến sĩ.","Sự nghiệp của ông trải dài từ triều vua Tự Đức đến vua Duy Tân, làm quan qua nhiều bộ, ngành và địa phương như Tri huyện Nam Xương, Án sát tỉnh Phú Yên, Phủ Doãn Thừa Thiên, Quảng Bình, Hà Tĩnh, Quảng Ngãi, Khánh Hòa, Bình Thuận và cuối cùng là các chức vụ cao trong triều đình: Thượng thư bộ Hộ, bộ Lễ, Phụ chánh Thân Thần, thầy dạy chữ Hán cho vua Duy Tân. Ông tham gia cải cách giáo dục, đề xuất dạy chữ Quốc ngữ toàn quốc từ năm 1902 nhưng bị phía Pháp phản đối. Ông cũng là người lập dự toán ngân sách cho Nam Triều và đề xuất tăng lương quan lại.Ngoài làm quan, Huỳnh Côn còn viết thơ, câu đối, sưu tầm khoa bảng, soạn sách giáo trình cho vua Duy Tân, mở trường dạy chữ Hán và quan tâm đến dạy chữ Quốc ngữ cho dân. Ông mất ngày 31 tháng 1 năm 1925, được vua truy tặng danh hiệu cao quý ""Thái tử Thiếu bảo Hiệp tá Đại học sĩ"". Ông được nhớ đến như một danh thần thanh liêm, tài giỏi và một nhà giáo dục có ảnh hưởng lớn ở Quảng Bình và triều Nguyễn",,,,,,,,https://upload.wikimedia.org/wikipedia/commons/0/09/Portrait_of_his_Excellency_Hu%E1%BB%B3nh_C%C3%B4n_%28%E9%BB%83%E7%90%A8%29.jpg
26,ĐOÀN CHÍ TUÂN (1855-1897),,Phong kiến,1855,1897,"Đoàn Chí Tuân là một nhà thơ và thủ lĩnh kiên cường trong phong trào Cần Vương chống Pháp cuối thế kỷ XIX. Ông không chỉ nổi bật với tài năng văn chương mà còn được ngưỡng mộ vì lòng yêu nước mãnh liệt và tinh thần đấu tranh bất khuất nhằm bảo vệ đất nước trước sự xâm lược. Cuộc đời ông ghi dấu ấn sâu sắc với vai trò lãnh đạo một cuộc khởi nghĩa đầy ý nghĩa dù kết quả không thành công, thể hiện tấm lòng và ý chí không chịu khuất phục trước giặc ngoại xâm.","Đoàn Chí Tuân (1855-1897), còn gọi là Đoàn Đức Mậu, hiệu Bạch Xỉ, là một nhà thơ, sĩ phu yêu nước và thủ lĩnh phong trào khởi nghĩa chống thực dân Pháp trong phong trào Cần Vương ở cuối thế kỷ 19 tại Việt Nam. Ông sinh năm 1855 tại làng Hòa Ninh, xã Quảng Hòa, huyện Quảng Trạch, tỉnh Quảng Bình( nay là xã Nam Gianh, tỉnh Quảng Trị). Đoàn Chí Tuân được biết đến như một nhân vật có học, có tài thơ văn, đồng thời là người lãnh đạo tinh thần kháng chiến mạnh mẽ trong vùng Quảng Bình và những nơi ông hoạt động.","Trong cuộc đời, Đoàn Chí Tuân không chỉ cống hiến bằng thơ văn mà còn trực tiếp tham gia lãnh đạo các cuộc khởi nghĩa nhằm chống lại sự xâm lược của thực dân Pháp. Ông được ghi nhận là một thủ lĩnh anh dũng, hi sinh cho sự nghiệp giải phóng dân tộc và để lại dấu ấn lớn trong lịch sử phong trào yêu nước cuối thế kỷ 19 ở Việt Nam. Ông mất năm 1897, nhưng tinh thần và sự nghiệp của ông vẫn được tôn vinh là biểu tượng kiên trung cho lòng yêu nước và khát vọng tự do của dân tộc Việt Nam.Tóm lại, Đoàn Chí Tuân là nhà thơ, sĩ phu yêu nước, và thủ lĩnh phong trào khởi nghĩa Cần Vương quan trọng, sinh sống và hoạt động chủ yếu ở Quảng Bình, với sự nghiệp gắn liền với đấu tranh chống Pháp và để lại nhiều tác phẩm thơ ca đậm dấu ấn yêu nước.​",,,,,,,,https://i.pinimg.com/736x/2b/12/8a/2b128a769e1f4e6ace59c20eb1c64605.jpg